Code,Name,확률
5860,한일사료,75
301300,바이브컴퍼니,75
38110,에코플라스틱,65
5440,현대지에프홀딩스,65
18310,삼목에스폼,65
306200,세아제강,65
46310,백금T&A,62
7340,DN오토모티브,75
53270,구영테크,75
38680,에스넷,65
92200,디아이씨,65
9900,명신산업,65
298540,더네이쳐홀딩스,65
142760,모아라이프플러스,70
38460,바이오스마트,65
39310,세중,62
35150,백산,75
36630,세종텔레콤,65
5830,DB손해보험,65
2900,TYM,65
15750,성우하이텍,68
215360,우리산업,65
263770,유에스티,72
45100,한양이엔지,75
3650,미창석유,75
36530,SNT홀딩스,75
23760,한국캐피탈,65
383220,F&F,75
142210,유니트론텍,62
350520,이지스레지던스리츠,72
337930,브랜드엑스코퍼레이션,65
67280,멀티캠퍼스,70
10100,한국무브넥스,70
265520,AP시스템,75
290550,디케이티,65
121890,에스디시스템,68
234080,JW생명과학,65
7210,벽산,65
15230,대창단조,65
90410,덕신이피씨,62
900290,GRT,65
71200,인피니트헬스케어,65
3720,삼영,65
3030,세아제강지주,65
285490,노바텍,68
243070,휴온스,65
69510,에스텍,65
3310,대주산업,65
36620,감성코퍼레이션,70
245450,씨앤에스링크,65
320,노루홀딩스,65
105630,한세실업,65
49770,동원F&B,65
36460,한국가스공사,65
20560,아시아나항공,65
203650,드림시큐리티,65
264900,크라운제과,75
126700,하이비젼시스템,70
92230,KPX홀딩스,70
44990,에이치엔에스하이텍,65
80470,성창오토텍,65
24880,케이피에프,65
125210,아모그린텍,68
14580,태경비케이,65
319660,피에스케이,65
9780,엠에스씨,65
332570,와이팜,75
137400,피엔티,63
19770,서연탑메탈,65
990,DB하이텍,65
98120,마이크로컨텍솔,65
332370,아이디피,65
25540,한국단자,65
